ID,name,sequence,sequence length,structure avail,model_1_plddt,model_2_plddt,disulfide_bond,hydrogen_bond,salt_bridge,surface,SASA,secondary_structure
3DAC_1,,MAQKKGSSQKLLVWILVGFALGIVGGLILGKDNVIWVAWMGDVFIRLLKMLIVPLVFSSIVVGVASIGDPAKLGRVGLKTILYYLLTTAFAVTIGLILGNLMKVGAGMQIGEGLQFTGKEAPSLYQVFLNIFPKNPVAAMANGAMLQIIVFALFFGIAALMAGQKGKLVLDVMDSVAETMYKLTAIVMWWAPFGVFGLIAKVVGTKGLAILLPYTKVILGVYIGVILHALITYTGVLSLLARLNPWVFFKKAFEATFTAFVTRSSSATLPVTMRVAKEKLGVSESIASFVLPLGATINMDGTALYQGVAALFIAQVYGMHLTLSQQIMVVVTATLASIGTAGVPGAGLIMLTLVTQSIGLPIEGVALIAGIDVFLDMARTALNVTGDLTGATFVAKSEGELDENVYYAE,409,True,85.77331232900463,88.5173541620762,0,522,2,46165.54296875,18625.396484375,LLLLLHHHHHHHHHHHHHHHHHHHHHHHHLHHHHHHHHHHHHHHHHHHHHHHHHHHHHHHHHHHHHHLLHHHHLHHHHHHHHHHHHHHHHHHHHHHHHHHHHLLLLLLLLLLLLLLLLLLLLLHHHHHHHHLLLLHHHHHHHLLHHHHHHHHHHHHHHHHHHLHHHHHHHHHHHHHHHHHHHHHHHHHHHHHHHHHHHHHHHHHHHLHHHHHHHHHHHHHHHHHHHHHHHHHHHHHHHHHHLLLHHHHHHHHHHHHHHHHHHLLHHHHHHHHHHHHHHHHLLLHHHHHHHHHHHHHHLLHHHHHHHHHHHHHHHHHHLLLLLHHHHHHHHHHHHHHHHHLLLLLLHHHHHHHHHHHHHLLLHHHHHHHHHHHHHHHHHHHHHHHHHHHHHHHHHHHHHLLLLHHHHHLL
3DAC_2,,MSTMPSKVVGIIGGMGPEAGVDLVYKVIKLSPAKRDQEHIHVILDNYSQIPDRSAYILGRGENPLPYLIESALRLKGAGAEIFAMSCNTAHYFYEDIVKETGVYMLHIARESMREVASHKVKGPVGVLGTVGTVKGHIYEGFGYDVIYPDERYLTMLMDAIYTIKSGVYDRPSILIQRVIDHMVDKGTAALIMACTEIPLVGNKLSSPVPLIDATLALAKGIVREAYGLDKL,232,True,96.53234551973767,96.24469914218922,0,249,5,26818.630859375,10773.984375,LLLLLLLLSSSSLLLLHHHHHHHHHHHHHHLLLLLHHHLLLSSSSLLLLLLLHHHHHHLLLLLHHHHHHHHHHHHHHHLLLSSSSLLHHHHHHHHHHHHHHLLLLLLHHHHHHHHHHHHLLLLLSSSSLLHHHHHHLLLLLLLLLLLLLLHHHHHHHHHHHHHHHHLLHHHHHHHHHHHHHHHHHHLLLSSSSLLLHHHHHHHHLLLLLLSSSHHHHHHHHHHHHHHLLLLL
3DAC_3,,MAQVKEVRLYTYQWKAEPPIGVSVLIIHGLGEHAGRYKSLVKALNDNGIDVYSFDLPGHGKSPGKRGHIASFDALLDYIGRYLDKIGGTRFVLGHSLGGLIALRSAQEHEEKIKGVIASSPAIYIKPVSPLLQKLAMILDKFLPTVTLSNQIDASALSRRKEEVEAYVKDPLVHDRISARLYGEMVRHIDILWKQAPNSNAPLLLQVGTEDKVVPPVRADELIKTWKGQSTYKAYEGAFHELYEDPYIGTQAIADVVDFIRESV,264,True,92.7293684557095,92.9238119378671,0,304,12,30916.57421875,12734.734375,LLLLLLLLLLSSSSLLLLLLLSSSSSSSLLLLLHHHHHHHHHHHHHHLLSSSSSLLLLLLLLLLLLLLLLLHHHHHHHHHHHHHHLLLSSSSSSSLHHHHHHHHHHHHLHHHLLSSSSSLLLLLLLLLLHHHHHHHHHHHHHLLLLSSSLLLLHHHHLLLHHHHHHHHHLLLLLLSSSHHHHHHHHHHHHHHHHHLLLLLLLSSSSSSLLLLLLLLLLHHHHHHHLLLLSSSSSSLLLLLLHHHLLLLHHHHHHHHHHHHHHHL
3DAC_4,,MYSQFKKLVKDAIRKADIEKRLDEIITYRRELHQIPEVGLELPKTKAYVEEKLRSFGLEPKHVGPGIVVDFGEPPYVALRADMDALPLQELRDVPYKSKHDGFMHACGHDAHTAVLLGVAHHFAENPPERGVRLVFQPGEEGYFGAKYMVEAGVLENVEVITGAHVGALGWPGVKPGTVISKRGPFMASADEIHISFKGKGTHGSIPHTGIDPIVPAAHYVMAVYNMRARELNQTHPVVITIGEIHGGTTHNIIPEETHMSGTVRTVTPEDRQYIATRLEEIAKSMGKMYKADVEFEYKWGYPPLHNTPEVVDVIEKIAVATEIPYVEAIEPVMGAEDFAYYTQRVPGAFFFVITSNPDKGITAPNHSPYFDIDEDLLWIPFYIFLEFVEVWGK,394,True,94.76760888588785,95.08507592977308,0,469,10,45688.3203125,18097.576171875,LHHHHHHHHHHHHHHHHHHHHHHHHHHHHHHHHHLLLLLLLLHHHHHHHHHHHHHHLLLLSSSLLSSSSSSLLLLSSSSSSSLLLLLLLLLLLLLLLLLLLLLLLLLLHHHHHHHHHHHHHHHHHLLLLLSSSSSSSLLLLLLLHHHHHHHHLLLLLLLSSSSSSSSLLLLLLLLLSSSSSLLLLLLLLSSSSSSSSSLLLLLLLLHHHLLLHHHHHHHHHHHHHHHHHHHLLLLLLSSSSSSSSSLLLLLLLLLLSSSSSSSSSSLLHHHHHHHHHHHHHHHHHHHHHHLLSSSSSSSSSSLLLLLLHHHHHHHHHHHHHHLLLSSSLLLLLLLLLHHHHHHHHLLSSSSSSSLLLHHHLLLLLLLLLLLLLLHHHHHHHHHHHHHHHHHLLL
3DAC_5,,MNEMFVVQAKFIGKESQKKLEGKTVAIVGCGGLGSPLVQMAARSGIGTLILIDNDNVSESNLGRQILYTREHIGKPKAEVAASIVKAINPDINVISHVERLTSDNMDTLLKDADVILDGTDNYKTRFIMSRYAEREKKDFVFGAVAGAYGMAKAFPHTEGIYLHHVMNPSLETAEAVPTAESGGLVPSILLFITGFMWTEALKMLIDRYDLVNTKMLIADLFQGDIKMLG,230,True,94.80481369160071,95.19869015118427,0,258,5,26502.291015625,10770.962890625,LLHHHHHHHHHHLHHHHHHHHHSSSSSSLLLLHHHHHHHHHHHHLLLSSSSSSLLLLLHHHHLLLLLLLHHHLLLLHHHHHHHHHHHHLLLLSSSSSSSLLLLLHHHHHHLLLLSSSSLLLLHHHHHHHHHHHHHHLLSSSSSSSSLLSSSSSSSLHHHLLLHHHHLLHHHHHLLLLLLHHHHLLLHHHHHHHHHHHHHHHHHHHHLLHHHLLLLSSSSSLLLSSSSSSL
3DAC_6,,MKLYPLCASCNLGSMAKLMDILDIRENRWAIMQRLMRLGSEVPEDAKPVELYKVLYTELTGGKIIDIYKEQKKQMNHSVLQIYPWLKELVKQAENPIKMAARLSVVGNIIDLGVHGHQWGDIKEEVESHLDIHFFIDERDTFIDMLKDAKTIFLVADNAGEIVFDRLLLETIKEAYPEIDIKVGVRGEPLLNDVVYEDAIDAGIPKEWIIDTGVDLPGFVPFRAREEALKLLEEADIIIAKGQGNFEGLSEVAGDRLFFVLRAKCQPVASEWHAPVGSLIFSRLR,285,True,93.73019857226552,93.93855623302161,0,348,12,34002.53125,13197.8369140625,LLLLHHHHHHHHHHHHHHHHHHLLLLLHHHHHHHHHHHHHHLLLLLLHHHHHHHHHHHHHLLLLLLLHHHHHHHHHHHHHHHHHHHHHHHHHLLLHHHHHHHHHHHHHHLLLLLLLLLHHHHHHHHHHHHLLLLLLLLHHHHHHHHHHLLSSSSSLLLLLHHHHHHHHHHHHHHHLLLLSSSSSSLLLLLLLLLLHHHHHHHLLLHHHSSSLLLLLLLLLHHHLLHHHHHHHHHLLSSSSSLHHHHHHHHLLLLLLSSSSSSSLLHHHHHHHLLLLSSSSSSLLL
3DAC_7,,MRHKLSFTEALLLLIGTQIGAGILGLPYIMKDSGLMGIALVVLMGIITMITALFILACIKEDEDTTLTDLASSRLGKWAGILTFLSIVLYGYGALIAYIAGSGDILSTALRINPTIGALLFWVIMSGIVFMGLRASGKAEVLIGISLLVALGISITLVLPSVKARNLMTWDMKNLLPLIGVSMFAYASHLIVPEIKTGTDKETAKKVIIWGFFIPMVFYALFVLAFVGAFGKDVPQMAMMAISGKFGILGTLLGILVPLTAISTSFIGIAYAQMNNIKQLIGNKLLAWLLVVVPPIFIYLMGLRSFTGALSVAGSYGGLIFAGIIPVLLYIKASERTSYRHLAYSLLSLFALVFIANLML,360,True,92.81715028346878,92.74419622030449,0,450,4,41384.21484375,16233.13671875,LLLLLLHHHHHHHHHHHHLLHHHHHHHHHHHHHLHHHHHHHHHHHHHHHHHHHHHHHHLLLLLLLLHHHHHHHHHLHHHHHHHHHHHHHHHHHHHHHHHHHHHHHHHHHHLLLHHHHHHHHHHHHHHHHHHLLLLLHHHHHHHHHHHHHHHHHHHHHHHHHLLHHHHHLLLLLLHHHHHHHHHHHHLHHHHHHHHHHHLLHHHHHHHHHHHHHHHHHHHHHHHHHHHHHHLLLLLLLHHHHHLLLLLHHHHHHHHHHHHHHHHHHHHHHHHHHHHHHHHHHLLHHHHHHHHHHHHHHHHHHLLLLHHHHHHHHHHHHHHHHHHHHHHHHHHHHLLLLLLHHHHHHHHHHHHHHHHHHHHL
3DAC_8,,MKNLRWVGIILLAVLLFAMFSMAIAMAGGDEAEKFSYGFWSIIPPVVAIGLAFATHRPILSLFIGIWTGQYIYEALPLFAKGETGKALYAFFTSFFHVFSDRIVGVLADSWYIGIITFTLMIGGLLGIINRSGGMWAIAEALARKAKNSATAQVFAAIMGVAIFFDDYANTLLVGNTMRPITDKFRVSREKLAYIVDSTAAPVASLALISTWIAYEVGIIADALKQEGFGEKIANAAYTVFLQSIPYRFYSLLALVLLFTIAITSRDYATMYKAEMRARKEGKVYRDGAQLPISKEISELSKPEGVPLRSINAWLPILVLIVGTIWALWVTAGGMETYKGYLDQFHSSFKALTYTFGDADASIALVWAVAAATAVAAIMVIWQKIMNAGEIVDAWLDGTKSMMVAVVILTIAWALGSINGDLGTSQYVVGLVEGWLPGSVLPLGIFLSAALISFATGTSWGTMAILMPIAIGLAGKFYGTDAVGVMHLATIGAVLTGAVFGDHCSPVSDTTILSSMASACDHMDHVTTQIPYSLTAATVAAVVGFLFVKFIPVWLLLLIGAAVIIAIVYIFGKPVPNLTVDELEKLDK,588,True,86.07647682838908,87.04669420292669,0,734,10,66364.265625,24561.56640625,LHHHHHHHHHHHHHHHHHHHHHHHHLLLLLLLLLLLLLHHHHHHHHHHHHHHHHHLLHHHHHHHHHHHHHHHHHHHHHHHHLLHHHHHHHHHHHHHHHHHHHHHHHHHLHHHHHHHHHHHHHHHHHHHHHHHLHHHHHHHHHHHHLLLHHHHHHHHHHHHHHLLLLHHHHHHHHHHHHHHHHHHHLLLHHHHHHHHHHHHHHHHHHLLLLLHHHHHHHHHHHHHHHHLLLHHHHHHHHHHHHHHHHHLHHHHHHHHHHHHHHHHLLLLLHHHHHHHHHHHHLLLLLLLLLLLLLHHHHHHLLLLLLLLLHHHHHHHHHHHHHHHHHHHHHHHLLHHHHHHHHHHHLLHHHHHHHHHHHLLHHHHHHHHHHHHHHHHHHHHHHHLLLLHHHHHHHHHHHHHHHHHHHHHHHHHHHHHHHHHHHLHHHHHHHHHLLLLLHHHHHHHHHHHHHHHHHHHLLHHHHHHHHHHHHHHHHHHHHLLLLLLHHHHHHHHHHHHHHHHHHHHLLLLHHHHHHHHHHLLLHHHHHHHHHHHHHHHHHHHHHHHHHHHHHLLHHHHHHHHHHHHHHHHHHHLLLLLLLLHHHHHHHHL
3DAC_9,,MFKEALTFDDVLLVPGYSEVLPHQTDVSTRLTRGIKLNIPLVSAAMDTVTEAELAKAIAREGGIGIIHKNLSPKEQAYQVSLVKRAENGVIENPITIRPDTTIREADRVMGEYKIGGLPVVDENCHLLGLLTNRDIRFATDMDMTALQLMTPREKLIVAKPGITLEEAKKILHEHRIEKLPLVDDRGCLVGLITIKDVNAVIEHPQAARDSKGRLIVGAAVGTGKNTMERVELLIKAGVDVIVVDTAHGHSKRVLDTIRAIKGVWPDVQLIGGNIATAEGAADLIKAGVDGVKVGIGPGSICTTRIVAGVGVPQLTAIMDAVSVARKYDVPVIADGGVRYSGDIVKALAAGAESVMLGSLFAGTEESPGETILYHGRKYKSYRGMGSLGAMKKGSADRYFQDKEEQGKFVPEGVEGMVPYKGYVKDVVHQLVGGLRSGMGYVGAATIRELQQKAQFVKITSASMKESHPHDIFITKESPNYWTQG,485,True,94.14951389990158,93.86713408731582,0,525,18,55473.5234375,23793.455078125,LLLLLLLHHHSSSLLLLLLLLHHHLLLLSSSSLLSSSLLLSSSSLLLLLLLHHHHHHHHHHLLSSSSLLLLLHHHHHHHHHHHHHHLLLLLLLLLLLLLLLLHHHHHHHHHHHLLLSSSSSLLLLLLSSSSSHHHHHLLLLLLLLHHHHLLLHHHLLLLLLLLLHHHHHHHHHHHLLLSSSSSLLLLLLSSSSSHHHHHHHHHLLLLLLLLLLLLLLSSSSLLLLLHHHHHHHHHHHLLLSSSSSLLLLLLHHHHHHHHHHHHHLLLLLSSSSLLLLHHHHHHHHHHLLLSSSSLLLLLLLLHHHHHHLLLLLHHHHHHHHHHHHHHHLLLSSSSLLLLLHHHHHHHHHHLLLSSSSLLLLLLLLLLLLLSSSSLLSSSSSSSLLLLHHHHHHLHHHHHLLLLLLLLLLLLLLLSSSSSLLLLHHHHHHHHHHHHHHHHHHHLLLLHHHHHHHLLSSSLLHHHHHHHLLLLLLLLLLLLLLLLLL
3DAC_10,,MKSIVILDFGSLFTQKIKHAFDRWFITSYIVPHNISLEEIMEIKPYGIVFSGSPDMLSENIRYGRENPEDLKAEPIHGVPARRPHPGIYNLEIPILGICYGHQLIAEHFGVKIEKSPKPEYTKDEGMYTFHVLEDSPLFEGLPGEFPVYMAHGDWVPQLPEGFTLLGKTDNTLIAAFQKGHIFGVQFHPEADEDGISKQVLRNFADYAFQVKIYDE,216,True,92.40920144537992,92.00915887590762,0,209,3,25738.220703125,10509.0302734375,LLSSSSSSLLLLHHHHHHHHHHHHLLLSSSSSLLLLHHHHHHHLLLSSSSSLLLLLHHHLLLLLLLLLLLLLLLLLLLLLLLLLLHHHHHLLLLSSSSLHHHHHHHHHHLLLLLLLLLLLLLHHHHSSSSSSLLLLLLLLLLLLSSSSSLLLLLLLLLLLLLLSSSSSLLLLLLSSSSSLLSSSSLLLHHHLLLLHHHHHHHHHHHHHHHLLLLLL
